gateway_time,alt,fob,dis,lat,lon,posPointName,sAlt,type
2026-04-07 16:55:12,0,0,0,50.90138888888889,4.484444444444445,OUT,,ACARS
2026-04-07 17:08:25,0,0,0,50.90138888888889,4.484444444444445,OFF,,ACARS
2026-04-07 17:08:31,0.0,0,0,50.90780833333333,4.486127777777778,POS,-1.0,ADSB
2026-04-07 17:08:34,91,76400,0,50.907999999999994,4.486,POS,,ACARS
2026-04-07 17:08:45,205.74,76400,0,50.913158333333335,4.503058333333334,POS,-1.0,ADSB
2026-04-07 17:09:01,426.72,76400,0,50.91822777777778,4.519119444444445,POS,-1.0,ADSB
2026-04-07 17:09:19,632.46,76400,0,50.92474722222222,4.535058333333333,POS,-1.0,ADSB
2026-04-07 17:09:33,822.96,76400,0,50.93563888888889,4.542158333333333,POS,-1.0,ADSB
2026-04-07 17:09:49,1059.18,76400,0,50.94913888888889,4.532697222222222,POS,-1.0,ADSB
2026-04-07 17:10:05,1219.2,76400,0,50.95933888888889,4.517058333333333,POS,-1.0,ADSB
2026-04-07 17:10:21,1363.98,76400,0,50.97078888888889,4.497677777777778,POS,-1.0,ADSB
2026-04-07 17:10:37,1501.14,76400,0,50.9821,4.478638888888889,POS,-1.0,ADSB
2026-04-07 17:10:55,1706.88,76400,0,50.99715833333333,4.453769444444444,POS,-1.0,ADSB
2026-04-07 17:11:17,1981.2,76400,0,51.01528888888889,4.4243,POS,-1.0,ADSB
2026-04-07 17:11:47,2453.6400000000003,76400,0,51.04326944444444,4.379497222222223,POS,-1.0,ADSB
2026-04-07 17:12:09,2796.54,76400,0,51.06058888888889,4.3518083333333335,POS,-1.0,ADSB
2026-04-07 17:12:53,3345.1800000000003,76400,0,51.10341944444444,4.283288888888889,POS,-1.0,ADSB
2026-04-07 17:13:15,3604.26,76400,0,51.12799722222223,4.244077777777778,POS,-1.0,ADSB
2026-04-07 17:13:33,4015.7400000000002,76400,0,51.15210833333333,4.218369444444444,POS,-1.0,ADSB
2026-04-07 17:14:03,4632.96,76400,0,51.196288888888894,4.1863777777777775,POS,-1.0,ADSB
2026-04-07 17:14:19,4945.38,76400,0,51.220869444444446,4.173969444444444,POS,-1.0,ADSB
2026-04-07 17:14:37,5242.56,76400,0,51.249269444444444,4.170758333333334,POS,-1.0,ADSB
2026-04-07 17:15:35,6103.62,76400,0,51.356319444444445,4.186758333333334,POS,-1.0,ADSB
2026-04-07 17:16:05,6606.54,76400,0,51.414138888888886,4.195888888888889,POS,-1.0,ADSB
2026-04-07 17:16:35,7086.6,76400,0,51.469500000000004,4.203869444444445,POS,-1.0,ADSB
2026-04-07 17:16:53,7376.160000000001,76400,0,51.50930833333334,4.209469444444444,POS,-1.0,ADSB
2026-04-07 17:17:11,7620.0,76400,0,51.54606944444445,4.214819444444444,POS,-1.0,ADSB
2026-04-07 17:17:53,8191.5,76400,0,51.634638888888894,4.227577777777778,POS,-1.0,ADSB
2026-04-07 17:18:13,8435.34,76400,0,51.674049999999994,4.238658333333333,POS,-1.0,ADSB
2026-04-07 17:18:33,8694.42,76400,0,51.71447777777777,4.265888888888889,POS,-1.0,ADSB
2026-04-07 17:18:38,8656,73500,0,51.707,4.26,POS,,ACARS
2026-04-07 17:18:53,8816.34,73500,0,51.74820833333333,4.305969444444444,POS,-1.0,ADSB
2026-04-07 17:19:21,8839.2,73500,0,51.79443888888889,4.381258333333333,POS,-1.0,ADSB
2026-04-07 17:19:53,8839.2,73500,0,51.837888888888884,4.454138888888889,POS,-1.0,ADSB
2026-04-07 17:20:23,8839.2,73500,0,51.88232777777778,4.5290388888888895,POS,-1.0,ADSB
2026-04-07 17:20:49,8839.2,73500,0,51.925088888888894,4.600827777777778,POS,-1.0,ADSB
2026-04-07 17:21:07,8839.2,73500,0,51.950227777777776,4.642788888888889,POS,-1.0,ADSB
2026-04-07 17:21:37,8839.2,73500,0,51.9955,4.718388888888889,POS,-1.0,ADSB
2026-04-07 17:22:07,8839.2,73500,0,52.03861944444444,4.790727777777778,POS,-1.0,ADSB
2026-04-07 17:22:29,8839.2,73500,0,52.070619444444446,4.844358333333333,POS,-1.0,ADSB
2026-04-07 17:22:59,8839.2,73500,0,52.11387777777777,4.917369444444444,POS,-1.0,ADSB
2026-04-07 17:23:29,8839.2,73500,0,52.159038888888894,4.994858333333334,POS,-1.0,ADSB
2026-04-07 17:23:49,8884.92,73500,0,52.18575833333334,5.048058333333333,POS,-1.0,ADSB
2026-04-07 17:24:07,9166.86,73500,0,52.20766944444444,5.098188888888889,POS,-1.0,ADSB
2026-04-07 17:24:31,9448.800000000001,73500,0,52.235499999999995,5.16815,POS,-1.0,ADSB
2026-04-07 17:24:47,9578.34,73500,0,52.25605,5.2195277777777775,POS,-1.0,ADSB
2026-04-07 17:25:17,9761.220000000001,73500,0,52.2919,5.310238888888889,POS,-1.0,ADSB
2026-04-07 17:25:43,9951.720000000001,73500,0,52.322427777777776,5.3880888888888885,POS,-1.0,ADSB
2026-04-07 17:26:27,10279.380000000001,73500,0,52.37400833333333,5.5205472222222225,POS,-1.0,ADSB
2026-04-07 17:26:57,10447.02,73500,0,52.409577777777784,5.612438888888889,POS,-1.0,ADSB
2026-04-07 17:27:41,10690.86,73500,0,52.46369722222222,5.752869444444445,POS,-1.0,ADSB
2026-04-07 17:28:13,10835.640000000001,73500,0,52.498308333333334,5.842919444444444,POS,-1.0,ADSB
2026-04-07 17:28:22,10911,72100,0,52.517999999999994,5.895,POS,,ACARS
2026-04-07 17:28:43,10995.66,72100,0,52.534147222222224,5.936619444444445,POS,-1.0,ADSB
2026-04-07 17:29:09,11125.2,72100,0,52.56550833333333,6.01875,POS,-1.0,ADSB
2026-04-07 17:29:39,11269.980000000001,72100,0,52.60202777777778,6.11475,POS,-1.0,ADSB
2026-04-07 17:30:33,11277.6,72100,0,52.663288888888886,6.276719444444444,POS,-1.0,ADSB
2026-04-07 17:31:07,11277.6,72100,0,52.7016,6.378708333333333,POS,-1.0,ADSB
2026-04-07 17:31:33,11277.6,72100,0,52.73212777777778,6.460108333333333,POS,-1.0,ADSB
2026-04-07 17:32:01,11277.6,72100,0,52.76863888888889,6.557738888888889,POS,-1.0,ADSB
2026-04-07 17:32:33,11277.6,72100,0,52.80387777777778,6.652377777777778,POS,-1.0,ADSB
2026-04-07 17:33:13,11277.6,72100,0,52.84862777777778,6.773297222222222,POS,-1.0,ADSB
2026-04-07 17:33:57,11277.6,72100,0,52.902008333333335,6.918108333333333,POS,-1.0,ADSB
2026-04-07 17:34:27,11277.6,72100,0,52.93622777777778,7.011469444444445,POS,-1.0,ADSB
2026-04-07 17:34:57,11277.6,72100,0,52.97085833333333,7.106188888888888,POS,-1.0,ADSB
2026-04-07 17:35:29,11277.6,72100,0,53.00511944444444,7.2001277777777775,POS,-1.0,ADSB
2026-04-07 17:35:59,11277.6,72100,0,53.04100833333334,7.298997222222222,POS,-1.0,ADSB
2026-04-07 17:36:27,11277.6,72100,0,53.07517777777778,7.3938,POS,-1.0,ADSB
2026-04-07 17:36:57,11277.6,72100,0,53.10923888888889,7.488438888888889,POS,-1.0,ADSB
2026-04-07 17:37:27,11277.6,72100,0,53.143427777777774,7.583719444444444,POS,-1.0,ADSB
2026-04-07 17:37:57,11277.6,72100,0,53.17812777777778,7.680777777777777,POS,-1.0,ADSB
2026-04-07 17:38:22,11247,71200,0,53.212999999999994,7.78,POS,,ACARS
2026-04-07 17:38:27,11277.6,71200,0,53.21227777777778,7.77695,POS,-1.0,ADSB
2026-04-07 17:38:57,11277.6,71200,0,53.24679722222222,7.874288888888889,POS,-1.0,ADSB
2026-04-07 17:39:27,11277.6,71200,0,53.28057777777777,7.969947222222222,POS,-1.0,ADSB
2026-04-07 17:39:59,11277.6,71200,0,53.313069444444444,8.062427777777778,POS,-1.0,ADSB
2026-04-07 17:40:28,11277.6,71200,0,53.34704722222222,8.15938888888889,POS,-1.0,ADSB
2026-04-07 17:40:57,11277.6,71200,0,53.38028888888889,8.254527777777778,POS,-1.0,ADSB
2026-04-07 17:41:27,11277.6,71200,0,53.41437777777778,8.352508333333333,POS,-1.0,ADSB
2026-04-07 17:41:59,11277.6,71200,0,53.447599999999994,8.448488888888889,POS,-1.0,ADSB
2026-04-07 17:42:29,11277.6,71200,0,53.4807,8.544619444444445,POS,-1.0,ADSB
2026-04-07 17:42:57,11277.6,71200,0,53.51421944444444,8.642319444444444,POS,-1.0,ADSB
2026-04-07 17:43:27,11277.6,71200,0,53.54772777777778,8.739938888888888,POS,-1.0,ADSB
2026-04-07 17:43:57,11277.6,71200,0,53.58027777777778,8.83543888888889,POS,-1.0,ADSB
2026-04-07 17:44:27,11277.6,71200,0,53.613369444444444,8.932977777777777,POS,-1.0,ADSB
2026-04-07 17:44:57,11277.6,71200,0,53.64582777777778,9.028877777777778,POS,-1.0,ADSB
2026-04-07 17:45:27,11277.6,71200,0,53.68110833333333,9.128347222222223,POS,-1.0,ADSB
2026-04-07 17:45:59,11277.6,71200,0,53.71558888888889,9.219727777777777,POS,-1.0,ADSB
2026-04-07 17:46:27,11277.6,71200,0,53.753169444444445,9.315999999999999,POS,-1.0,ADSB
2026-04-07 17:46:57,11277.6,71200,0,53.78905833333333,9.406258333333334,POS,-1.0,ADSB
2026-04-07 17:47:27,11277.6,71200,0,53.82505,9.496308333333333,POS,-1.0,ADSB
2026-04-07 17:47:57,11277.6,71200,0,53.86288888888889,9.591227777777778,POS,-1.0,ADSB
2026-04-07 17:48:21,11277,70100,0,53.901,9.689,POS,,ACARS
2026-04-07 17:48:27,11277.6,70100,0,53.900388888888884,9.685858333333332,POS,-1.0,ADSB
2026-04-07 17:48:57,11277.6,70100,0,53.936727777777776,9.778158333333334,POS,-1.0,ADSB
2026-04-07 17:49:27,11277.6,70100,0,53.97358888888889,9.872308333333333,POS,-1.0,ADSB
2026-04-07 17:49:59,11277.6,70100,0,54.00971944444444,9.965250000000001,POS,-1.0,ADSB
2026-04-07 17:50:27,11277.6,70100,0,54.04577777777777,10.058219444444443,POS,-1.0,ADSB
2026-04-07 17:50:57,11277.6,70100,0,54.082169444444446,10.152469444444444,POS,-1.0,ADSB
2026-04-07 17:51:27,11277.6,70100,0,54.11905833333333,10.248438888888888,POS,-1.0,ADSB
2026-04-07 17:51:57,11277.6,70100,0,54.154397222222215,10.340569444444446,POS,-1.0,ADSB
2026-04-07 17:52:29,11277.6,70100,0,54.19029722222223,10.434669444444443,POS,-1.0,ADSB
2026-04-07 17:52:59,11277.6,70100,0,54.22720833333334,10.531927777777778,POS,-1.0,ADSB
2026-04-07 17:53:27,11277.6,70100,0,54.26245,10.624988888888888,POS,-1.0,ADSB
2026-04-07 17:53:57,11277.6,70100,0,54.298188888888895,10.719908333333333,POS,-1.0,ADSB
2026-04-07 17:54:29,11277.6,70100,0,54.33390833333333,10.815038888888889,POS,-1.0,ADSB
2026-04-07 17:54:57,11277.6,70100,0,54.36979722222222,10.911008333333333,POS,-1.0,ADSB
2026-04-07 17:55:27,11277.6,70100,0,54.40485833333333,11.004638888888888,POS,-1.0,ADSB
2026-04-07 17:55:57,11277.6,70100,0,54.43971944444444,11.098269444444444,POS,-1.0,ADSB
2026-04-07 17:56:29,11277.6,70100,0,54.476258333333334,11.197088888888889,POS,-1.0,ADSB
2026-04-07 17:56:57,11277.6,70100,0,54.51084722222222,11.290869444444443,POS,-1.0,ADSB
2026-04-07 17:57:29,11277.6,70100,0,54.54767777777778,11.39123888888889,POS,-1.0,ADSB
2026-04-07 17:57:57,11277.6,70100,0,54.58204722222222,11.485319444444444,POS,-1.0,ADSB
2026-04-07 17:58:21,11277,69000,0,54.619,11.585,POS,,ACARS
2026-04-07 17:58:29,11277.6,69000,0,54.61857777777778,11.585569444444445,POS,-1.0,ADSB
2026-04-07 17:58:59,11277.6,69000,0,54.65244722222222,11.678869444444445,POS,-1.0,ADSB
2026-04-07 17:59:29,11277.6,69000,0,54.688027777777776,11.777258333333332,POS,-1.0,ADSB
2026-04-07 17:59:59,11277.6,69000,0,54.72229722222222,11.872227777777777,POS,-1.0,ADSB
2026-04-07 18:00:29,11277.6,69000,0,54.75771944444445,11.97118888888889,POS,-1.0,ADSB
2026-04-07 18:00:59,11277.6,69000,0,54.791427777777784,12.065569444444446,POS,-1.0,ADSB
2026-04-07 18:01:29,11277.6,69000,0,54.82602777777778,12.162919444444444,POS,-1.0,ADSB
2026-04-07 18:01:59,11277.6,69000,0,54.861108333333334,12.261908333333334,POS,-1.0,ADSB
2026-04-07 18:02:29,11277.6,69000,0,54.89505,12.358119444444446,POS,-1.0,ADSB
2026-04-07 18:02:59,11277.6,69000,0,54.92879722222222,12.454077777777778,POS,-1.0,ADSB
2026-04-07 18:03:29,11277.6,69000,0,54.96230833333333,12.549619444444444,POS,-1.0,ADSB
2026-04-07 18:03:59,11277.6,69000,0,54.9977,12.650919444444444,POS,-1.0,ADSB
2026-04-07 18:04:29,11277.6,69000,0,55.031397222222225,12.747969444444445,POS,-1.0,ADSB
2026-04-07 18:04:59,11277.6,69000,0,55.063900000000004,12.84193888888889,POS,-1.0,ADSB
2026-04-07 18:05:29,11277.6,69000,0,55.10015833333333,12.947138888888889,POS,-1.0,ADSB
2026-04-07 18:05:59,11277.6,69000,0,55.13181944444444,13.039519444444444,POS,-1.0,ADSB
2026-04-07 18:06:29,11277.6,69000,0,55.16509722222222,13.136738888888889,POS,-1.0,ADSB
2026-04-07 18:06:57,11277.6,69000,0,55.19860833333333,13.235208333333333,POS,-1.0,ADSB
2026-04-07 18:07:29,11277.6,69000,0,55.23208888888889,13.333819444444444,POS,-1.0,ADSB
2026-04-07 18:07:59,11277.6,69000,0,55.26525833333333,13.432077777777778,POS,-1.0,ADSB
2026-04-07 18:08:21,11277,68000,0,55.299,13.533000000000001,POS,,ACARS
2026-04-07 18:08:29,11277.6,68000,0,55.29823888888889,13.530158333333333,POS,-1.0,ADSB
2026-04-07 18:08:59,11277.6,68000,0,55.3315,13.629269444444445,POS,-1.0,ADSB
2026-04-07 18:09:29,11277.6,68000,0,55.36303888888889,13.723838888888888,POS,-1.0,ADSB
2026-04-07 18:09:59,11277.6,68000,0,55.39767777777778,13.828038888888889,POS,-1.0,ADSB
2026-04-07 18:10:29,11277.6,68000,0,55.42945833333333,13.924038888888889,POS,-1.0,ADSB
2026-04-07 18:10:59,11277.6,68000,0,55.462427777777776,14.024047222222222,POS,-1.0,ADSB
2026-04-07 18:11:27,11277.6,68000,0,55.494777777777784,14.12283888888889,POS,-1.0,ADSB
2026-04-07 18:11:59,11277.6,68000,0,55.52695833333333,14.220969444444444,POS,-1.0,ADSB
2026-04-07 18:12:29,11277.6,68000,0,55.55913888888889,14.320008333333334,POS,-1.0,ADSB
2026-04-07 18:12:59,11277.6,68000,0,55.59188888888889,14.420927777777777,POS,-1.0,ADSB
2026-04-07 18:13:29,11277.6,68000,0,55.623,14.517177777777777,POS,-1.0,ADSB
2026-04-07 18:13:57,11277.6,68000,0,55.654447222222224,14.614977777777778,POS,-1.0,ADSB
2026-04-07 18:14:27,11277.6,68000,0,55.68568888888889,14.7125,POS,-1.0,ADSB
2026-04-07 18:15:01,11277.6,68000,0,55.719027777777775,14.817119444444444,POS,-1.0,ADSB
2026-04-07 18:15:31,11277.6,68000,0,55.74988888888889,14.91443888888889,POS,-1.0,ADSB
2026-04-07 18:16:01,11277.6,68000,0,55.78153888888889,15.014277777777778,POS,-1.0,ADSB
2026-04-07 18:16:31,11277.6,68000,0,55.812777777777775,15.113577777777778,POS,-1.0,ADSB
2026-04-07 18:17:01,11277.6,68000,0,55.8429,15.209458333333334,POS,-1.0,ADSB
2026-04-07 18:17:31,11277.6,68000,0,55.87436944444445,15.310308333333333,POS,-1.0,ADSB
2026-04-07 18:18:01,11277.6,68000,0,55.90411944444444,15.405838888888889,POS,-1.0,ADSB
2026-04-07 18:18:22,11247,67100,0,55.934,15.503,POS,,ACARS
2026-04-07 18:18:31,11277.6,67100,0,55.93581944444445,15.508319444444444,POS,-1.0,ADSB
2026-04-07 18:19:01,11277.6,67100,0,55.96608888888889,15.606497222222222,POS,-1.0,ADSB
2026-04-07 18:19:31,11277.6,67100,0,55.99693888888889,15.706758333333333,POS,-1.0,ADSB
2026-04-07 18:20:01,11277.6,67100,0,56.02725,15.805747222222223,POS,-1.0,ADSB
2026-04-07 18:20:31,11277.6,67100,0,56.05530833333333,15.898047222222223,POS,-1.0,ADSB
2026-04-07 18:21:03,11277.6,67100,0,56.08850833333334,16.007247222222222,POS,-1.0,ADSB
2026-04-07 18:21:33,11277.6,67100,0,56.11852777777778,16.106708333333334,POS,-1.0,ADSB
2026-04-07 18:22:03,11277.6,67100,0,56.149338888888884,16.209247222222224,POS,-1.0,ADSB
2026-04-07 18:22:31,11277.6,67100,0,56.18021944444445,16.312377777777776,POS,-1.0,ADSB
2026-04-07 18:23:03,11277.6,67100,0,56.20911944444444,16.40925,POS,-1.0,ADSB
2026-04-07 18:23:33,11277.6,67100,0,56.24207777777778,16.52043888888889,POS,-1.0,ADSB
2026-04-07 18:24:03,11277.6,67100,0,56.27206944444445,16.62162777777778,POS,-1.0,ADSB
2026-04-07 18:24:35,11277.6,67100,0,56.30227777777778,16.724877777777778,POS,-1.0,ADSB
2026-04-07 18:25:05,11277.6,67100,0,56.332208333333334,16.826808333333332,POS,-1.0,ADSB
2026-04-07 18:25:35,11277.6,67100,0,56.36115,16.926597222222224,POS,-1.0,ADSB
2026-04-07 18:26:07,11277.6,67100,0,56.389427777777776,17.023569444444444,POS,-1.0,ADSB
2026-04-07 18:26:35,11277.6,67100,0,56.41823888888889,17.123219444444445,POS,-1.0,ADSB
2026-04-07 18:27:05,11277.6,67100,0,56.44616944444444,17.220127777777776,POS,-1.0,ADSB
2026-04-07 18:27:37,11277.6,67100,0,56.47677777777778,17.326108333333334,POS,-1.0,ADSB
2026-04-07 18:28:07,11277.6,67100,0,56.50458888888888,17.423797222222223,POS,-1.0,ADSB
2026-04-07 18:28:22,11247,66200,0,56.525,17.497,POS,,ACARS
2026-04-07 18:28:37,11277.6,66200,0,56.53138888888889,17.518369444444442,POS,-1.0,ADSB
2026-04-07 18:29:09,11277.6,66200,0,56.56127777777778,17.624319444444446,POS,-1.0,ADSB
2026-04-07 18:29:37,11277.6,66200,0,56.58951944444444,17.72418888888889,POS,-1.0,ADSB
2026-04-07 18:30:09,11277.6,66200,0,56.618769444444446,17.828408333333332,POS,-1.0,ADSB
2026-04-07 18:30:39,11277.6,66200,0,56.64728888888889,17.93055,POS,-1.0,ADSB
2026-04-07 18:31:09,11277.6,66200,0,56.67408888888889,18.02715,POS,-1.0,ADSB
2026-04-07 18:31:39,11277.6,66200,0,56.70276944444444,18.131127777777778,POS,-1.0,ADSB
2026-04-07 18:32:09,11277.6,66200,0,56.730327777777774,18.231188888888887,POS,-1.0,ADSB
2026-04-07 18:32:39,11277.6,66200,0,56.758119444444446,18.332277777777776,POS,-1.0,ADSB
2026-04-07 18:33:09,11277.6,66200,0,56.78548888888889,18.43212777777778,POS,-1.0,ADSB
2026-04-07 18:33:43,11277.6,66200,0,56.81652777777778,18.546119444444443,POS,-1.0,ADSB
2026-04-07 18:34:13,11277.6,66200,0,56.84453888888889,18.649458333333335,POS,-1.0,ADSB
2026-04-07 18:34:41,11277.6,66200,0,56.87215,18.7522,POS,-1.0,ADSB
2026-04-07 18:35:15,11277.6,66200,0,56.90432777777777,18.87253888888889,POS,-1.0,ADSB
2026-04-07 18:35:45,11277.6,66200,0,56.932319444444445,18.977458333333335,POS,-1.0,ADSB
2026-04-07 18:36:17,11277.6,66200,0,56.959738888888886,19.08085833333333,POS,-1.0,ADSB
2026-04-07 18:36:47,11277.6,66200,0,56.988277777777775,19.188819444444444,POS,-1.0,ADSB
2026-04-07 18:37:17,11277.6,66200,0,57.017088888888885,19.29855,POS,-1.0,ADSB
2026-04-07 18:37:45,11277.6,66200,0,57.04448888888889,19.40339722222222,POS,-1.0,ADSB
2026-04-07 18:38:15,11277.6,66200,0,57.07201944444444,19.508788888888887,POS,-1.0,ADSB
2026-04-07 18:38:21,11277,65200,0,57.083,19.551000000000002,POS,,ACARS
2026-04-07 18:38:47,11277.6,65200,0,57.100747222222225,19.619608333333332,POS,-1.0,ADSB
2026-04-07 18:39:17,11277.6,65200,0,57.127227777777776,19.72204722222222,POS,-1.0,ADSB
2026-04-07 18:39:47,11277.6,65200,0,57.15478888888889,19.829438888888888,POS,-1.0,ADSB
2026-04-07 18:40:17,11277.6,65200,0,57.18315,19.940438888888888,POS,-1.0,ADSB
2026-04-07 18:40:47,11277.6,65200,0,57.209427777777776,20.04395,POS,-1.0,ADSB
2026-04-07 18:41:17,11277.6,65200,0,57.23634722222222,20.150169444444444,POS,-1.0,ADSB
2026-04-07 18:41:47,11277.6,65200,0,57.26398888888888,20.259819444444446,POS,-1.0,ADSB
2026-04-07 18:42:17,11277.6,65200,0,57.291869444444444,20.37113888888889,POS,-1.0,ADSB
2026-04-07 18:42:47,11277.6,65200,0,57.31805,20.47629722222222,POS,-1.0,ADSB
2026-04-07 18:43:19,11277.6,65200,0,57.34546944444445,20.586958333333335,POS,-1.0,ADSB
2026-04-07 18:43:47,11277.6,65200,0,57.37255833333333,20.696469444444443,POS,-1.0,ADSB
2026-04-07 18:44:19,11277.6,65200,0,57.398019444444444,20.799947222222222,POS,-1.0,ADSB
2026-04-07 18:44:47,11277.6,65200,0,57.42516944444444,20.911269444444446,POS,-1.0,ADSB
2026-04-07 18:45:19,11277.6,65200,0,57.45164722222222,21.019858333333335,POS,-1.0,ADSB
2026-04-07 18:45:51,11277.6,65200,0,57.47858888888889,21.130908333333334,POS,-1.0,ADSB
2026-04-07 18:46:19,11277.6,65200,0,57.50513888888889,21.241269444444445,POS,-1.0,ADSB
2026-04-07 18:46:49,11277.6,65200,0,57.53118888888889,21.35012777777778,POS,-1.0,ADSB
2026-04-07 18:47:19,11277.6,65200,0,57.55792777777778,21.462408333333332,POS,-1.0,ADSB
2026-04-07 18:47:47,11277.6,65200,0,57.58396944444445,21.572169444444445,POS,-1.0,ADSB
2026-04-07 18:48:19,11277.6,65200,0,57.6104,21.684177777777776,POS,-1.0,ADSB
2026-04-07 18:48:21,11247,63800,0,57.619,21.721,POS,,ACARS
2026-04-07 18:48:49,11277.6,63800,0,57.63614722222222,21.793958333333332,POS,-1.0,ADSB
2026-04-07 18:49:19,11277.6,63800,0,57.66248888888889,21.90665,POS,-1.0,ADSB
2026-04-07 18:49:49,11277.6,63800,0,57.68792777777778,22.016338888888892,POS,-1.0,ADSB
2026-04-07 18:50:21,11277.6,63800,0,57.71406944444444,22.129469444444442,POS,-1.0,ADSB
2026-04-07 18:50:51,11277.6,63800,0,57.740319444444445,22.243558333333333,POS,-1.0,ADSB
2026-04-07 18:51:19,11277.6,63800,0,57.765747222222224,22.35442777777778,POS,-1.0,ADSB
2026-04-07 18:51:49,11277.6,63800,0,57.79155833333333,22.468369444444445,POS,-1.0,ADSB
2026-04-07 18:52:19,11277.6,63800,0,57.816858333333336,22.580377777777777,POS,-1.0,ADSB
2026-04-07 18:52:49,11277.6,63800,0,57.84269722222222,22.694919444444448,POS,-1.0,ADSB
2026-04-07 18:53:21,11277.6,63800,0,57.867219444444444,22.804497222222224,POS,-1.0,ADSB
2026-04-07 18:53:51,11277.6,63800,0,57.892319444444446,22.917297222222224,POS,-1.0,ADSB
2026-04-07 18:54:19,11277.6,63800,0,57.91703888888889,23.028847222222225,POS,-1.0,ADSB
2026-04-07 18:54:49,11277.6,63800,0,57.941377777777774,23.139308333333332,POS,-1.0,ADSB
2026-04-07 18:55:19,11277.6,63800,0,57.96642777777778,23.253847222222223,POS,-1.0,ADSB
2026-04-07 18:55:51,11277.6,63800,0,57.99095833333334,23.366269444444445,POS,-1.0,ADSB
2026-04-07 18:56:19,11277.6,63800,0,58.015347222222225,23.478608333333334,POS,-1.0,ADSB
2026-04-07 18:56:49,11277.6,63800,0,58.03941944444445,23.590477777777778,POS,-1.0,ADSB
2026-04-07 18:57:21,11277.6,63800,0,58.063119444444446,23.70107777777778,POS,-1.0,ADSB
2026-04-07 18:57:51,11277.6,63800,0,58.087738888888886,23.81652777777778,POS,-1.0,ADSB
2026-04-07 18:58:19,11277.6,63800,0,58.11236944444445,23.932888888888886,POS,-1.0,ADSB
2026-04-07 18:58:21,11247,62700,0,58.12,23.97,POS,,ACARS
2026-04-07 18:58:51,11277.6,62700,0,58.13717777777778,24.050719444444443,POS,-1.0,ADSB
2026-04-07 18:59:21,11277.6,62700,0,58.16231944444445,24.1702,POS,-1.0,ADSB
2026-04-07 18:59:59,11277.6,62700,0,58.191138888888894,24.309169444444443,POS,-1.0,ADSB
2026-04-07 19:01:17,11277.6,62700,0,58.25189722222222,24.593608333333336,POS,-1.0,ADSB
2026-04-07 19:01:35,11277.6,62700,0,58.26781944444444,24.683658333333334,POS,-1.0,ADSB
2026-04-07 19:01:53,11277.6,62700,0,58.281127777777776,24.74827777777778,POS,-1.0,ADSB
2026-04-07 19:02:11,11277.6,62700,0,58.29530833333333,24.81522777777778,POS,-1.0,ADSB
2026-04-07 19:02:31,11277.6,62700,0,58.31117777777777,24.89442777777778,POS,-1.0,ADSB
2026-04-07 19:02:53,11277.6,62700,0,58.32494722222222,24.967908333333334,POS,-1.0,ADSB
2026-04-07 19:03:11,11277.6,62700,0,58.3396,25.04089722222222,POS,-1.0,ADSB
2026-04-07 19:03:27,11277.6,62700,0,58.35192777777778,25.102877777777778,POS,-1.0,ADSB
2026-04-07 19:03:59,11277.6,62700,0,58.37655833333333,25.22658888888889,POS,-1.0,ADSB
2026-04-07 19:04:17,11277.6,62700,0,58.3902,25.29213888888889,POS,-1.0,ADSB
2026-04-07 19:04:35,11277.6,62700,0,58.40267777777778,25.359719444444448,POS,-1.0,ADSB
2026-04-07 19:04:51,11277.6,62700,0,58.415419444444446,25.423719444444444,POS,-1.0,ADSB
2026-04-07 19:05:07,11277.6,62700,0,58.42738888888889,25.48513888888889,POS,-1.0,ADSB
2026-04-07 19:05:27,11277.6,62700,0,58.44158888888889,25.559258333333332,POS,-1.0,ADSB
2026-04-07 19:05:41,11277.6,62700,0,58.45415,25.624577777777777,POS,-1.0,ADSB
2026-04-07 19:05:59,11277.6,62700,0,58.46574722222222,25.685577777777777,POS,-1.0,ADSB
2026-04-07 19:06:17,11277.6,62700,0,58.47917777777778,25.755327777777776,POS,-1.0,ADSB
2026-04-07 19:06:55,11277.6,62700,0,58.505750000000006,25.89442777777778,POS,-1.0,ADSB
2026-04-07 19:07:09,11277.6,62700,0,58.517788888888894,25.954219444444444,POS,-1.0,ADSB
2026-04-07 19:07:27,11277.6,62700,0,58.53021944444445,26.020788888888887,POS,-1.0,ADSB
2026-04-07 19:08:05,11277.6,62700,0,58.55878888888889,26.17164722222222,POS,-1.0,ADSB
2026-04-07 19:08:21,11277.6,62700,0,58.57024722222223,26.23323888888889,POS,-1.0,ADSB
2026-04-07 19:08:22,11247,61700,0,58.577000000000005,26.263,POS,,ACARS
2026-04-07 19:08:39,11277.6,61700,0,58.58392777777778,26.30353888888889,POS,-1.0,ADSB
2026-04-07 19:08:57,11277.6,61700,0,58.596297222222226,26.369219444444447,POS,-1.0,ADSB
2026-04-07 19:09:17,11277.6,61700,0,58.60995833333334,26.446619444444444,POS,-1.0,ADSB
2026-04-07 19:09:33,11277.6,61700,0,58.62134722222223,26.510188888888887,POS,-1.0,ADSB
2026-04-07 19:09:51,11277.6,61700,0,58.633827777777775,26.57910833333333,POS,-1.0,ADSB
2026-04-07 19:10:09,11277.6,61700,0,58.64588888888889,26.64405,POS,-1.0,ADSB
2026-04-07 19:10:27,11277.6,61700,0,58.660158333333335,26.71605,POS,-1.0,ADSB
2026-04-07 19:10:49,11277.6,61700,0,58.67560833333334,26.80168888888889,POS,-1.0,ADSB
2026-04-07 19:11:29,11277.6,61700,0,58.704438888888895,26.96008888888889,POS,-1.0,ADSB
2026-04-07 19:12:07,11277.6,61700,0,58.73221944444444,27.112597222222224,POS,-1.0,ADSB
2026-04-07 19:12:39,11277.6,61700,0,58.75800833333333,27.228458333333332,POS,-1.0,ADSB
2026-04-07 19:13:11,11277.6,61700,0,58.789877777777775,27.355197222222223,POS,-1.0,ADSB
2026-04-07 19:13:43,11277.6,61700,0,58.81851944444445,27.467108333333332,POS,-1.0,ADSB
2026-04-07 19:14:13,11277.6,61700,0,58.84732777777778,27.574269444444443,POS,-1.0,ADSB
2026-04-07 19:14:43,11277.6,61700,0,58.87545,27.684427777777778,POS,-1.0,ADSB
2026-04-07 19:15:13,11277.6,61700,0,58.90476944444445,27.80127777777778,POS,-1.0,ADSB
2026-04-07 19:15:53,11277.6,61700,0,58.941119444444446,27.948408333333333,POS,-1.0,ADSB
2026-04-07 19:16:23,11277.6,61700,0,58.97,28.065388888888886,POS,-1.0,ADSB
2026-04-07 19:16:55,11277.6,61700,0,58.99937777777778,28.186877777777777,POS,-1.0,ADSB
2026-04-07 19:17:25,11277.6,61700,0,59.02945833333333,28.305500000000002,POS,-1.0,ADSB
2026-04-07 19:18:11,11277.6,61700,0,59.060408333333335,28.47283888888889,POS,-1.0,ADSB
2026-04-07 19:18:25,11247,60700,0,59.065,28.558999999999997,POS,,ACARS
2026-04-07 19:18:43,11277.6,60700,0,59.06811944444445,28.60918888888889,POS,-1.0,ADSB
2026-04-07 19:19:27,11277.6,60700,0,59.08345833333334,28.788758333333334,POS,-1.0,ADSB
2026-04-07 19:19:57,11277.6,60700,0,59.096538888888894,28.918308333333336,POS,-1.0,ADSB
2026-04-07 19:20:27,11277.6,60700,0,59.105958333333334,29.043019444444443,POS,-1.0,ADSB
2026-04-07 19:21:25,11277.6,60700,0,59.122197222222226,29.294458333333335,POS,-1.0,ADSB
2026-04-07 19:21:59,11277.6,60700,0,59.13025833333333,29.434658333333335,POS,-1.0,ADSB
2026-04-07 19:28:22,11277,59700,0,59.227999999999994,31.093,POS,,ACARS
2026-04-07 19:38:26,11247,58600,0,59.335,33.659,POS,,ACARS
2026-04-07 19:48:26,11247,57600,0,59.392,36.238,POS,,ACARS
2026-04-07 19:58:34,11247,56700,0,59.396,38.815,POS,,ACARS
2026-04-07 20:08:27,11277,55700,0,59.35,41.387,POS,,ACARS
2026-04-07 20:18:27,11247,54600,0,59.252,43.992000000000004,POS,,ACARS
2026-04-07 20:28:25,11247,53700,0,59.038,46.555,POS,,ACARS
2026-04-07 20:38:25,11277,52600,0,58.75,49.061,POS,,ACARS
2026-04-07 20:40:42,11277,52400,0,58.682,49.637,POS,,ACARS
2026-04-07 20:50:42,11277,51400,0,58.361000000000004,52.187000000000005,POS,,ACARS
2026-04-07 21:11:49,11277,49442,0,57.496,57.379,POS,,ACARS
2026-04-07 22:59:55,11887.2,49442,0,53.000727777777776,83.87218888888889,POS,-1.0,ADSB
2026-04-07 23:01:49,11887.2,49442,0,52.86558888888889,84.26724722222222,POS,-1.0,ADSB
2026-04-07 23:02:41,11888.1144,49442,0,52.80390833333333,84.44175833333334,POS,-1.0,ADSB
2026-04-07 23:03:11,11885.0664,49442,0,52.76761944444444,84.54400833333334,POS,-1.0,ADSB
2026-04-07 23:03:41,11887.2,49442,0,52.73056944444444,84.64841944444444,POS,-1.0,ADSB
2026-04-07 23:04:13,11872.2648,49442,0,52.6915,84.75767777777779,POS,-1.0,ADSB
2026-04-07 23:04:47,11906.7072,49442,0,52.650597222222224,84.87280833333332,POS,-1.0,ADSB
2026-04-07 23:05:21,11868.6072,49442,0,52.610077777777775,84.9854888888889,POS,-1.0,ADSB
2026-04-08 01:25:22,11917.68,49442,0,42.91659722222222,111.00925833333334,POS,-1.0,ADSB
2026-04-08 01:26:02,11917.68,49442,0,42.823058333333336,111.04877777777777,POS,-1.0,ADSB
2026-04-08 01:26:34,11917.68,49442,0,42.754669444444446,111.07764999999999,POS,-1.0,ADSB
2026-04-08 01:26:54,11917.68,49442,0,42.694700000000005,111.10286388888889,POS,11917.68,ADSB
2026-04-08 01:27:04,11917.68,49442,0,42.68653888888889,111.10626944444445,POS,-1.0,ADSB
2026-04-08 01:27:34,11917.68,49442,0,42.61908888888889,111.13424722222221,POS,-1.0,ADSB
2026-04-08 01:28:06,11917.68,49442,0,42.551208333333335,111.16221944444445,POS,-1.0,ADSB
2026-04-08 01:28:34,11917.68,49442,0,42.48380833333333,111.19000833333334,POS,-1.0,ADSB
2026-04-08 01:29:06,11917.68,49442,0,42.41582777777778,111.21785,POS,-1.0,ADSB
2026-04-08 01:30:04,11917.68,49442,0,42.28335833333333,111.2718388888889,POS,-1.0,ADSB
2026-04-08 01:30:34,11917.68,49442,0,42.21532777777777,111.29942777777778,POS,-1.0,ADSB
2026-04-08 01:35:59,11917.68,49442,0,41.46049166666666,111.60518611111111,POS,11917.68,ADSB
2026-04-08 01:38:24,11917.68,49442,0,41.13368055555556,111.7388888888889,POS,-1.0,ADSB
2026-04-08 01:38:29,11917.68,49442,0,41.12241944444444,111.74340555555555,POS,-1.0,ADSB
2026-04-08 01:38:37,11917.68,49442,0,41.1046,111.75055833333333,POS,11917.68,ADSB
2026-04-08 01:38:42,11917.68,49442,0,41.09249722222222,111.7553638888889,POS,11917.68,ADSB
2026-04-08 01:38:47,11917.68,49442,0,41.08136111111111,111.7597638888889,POS,11917.68,ADSB
2026-04-08 01:38:54,11917.68,49442,0,41.064613888888886,111.76640833333333,POS,11917.68,ADSB
2026-04-08 01:38:59,11917.68,49442,0,41.053847222222224,111.77074722222223,POS,11917.68,ADSB
2026-04-08 01:39:04,11917.68,49442,0,41.04235555555556,111.77533055555556,POS,11917.68,ADSB
2026-04-08 01:39:10,11917.68,49442,0,41.02876388888888,111.78070000000001,POS,11917.68,ADSB
2026-04-08 01:39:15,11917.68,49442,0,41.018413888888894,111.78478888888888,POS,11917.68,ADSB
2026-04-08 01:39:21,11917.68,49442,0,41.00363055555556,111.79058611111111,POS,11917.68,ADSB
2026-04-08 01:39:26,11917.68,49442,0,40.992000000000004,111.7951638888889,POS,11917.68,ADSB
2026-04-08 01:39:32,11917.68,49442,0,40.97877222222222,111.80043055555555,POS,11917.68,ADSB
2026-04-08 01:39:37,11917.68,49442,0,40.96796666666666,111.80473888888889,POS,11917.68,ADSB
2026-04-08 01:39:42,11917.68,49442,0,40.956202777777776,111.80938333333334,POS,11917.68,ADSB
2026-04-08 01:39:47,11917.68,49442,0,40.94525,111.81372777777777,POS,11917.68,ADSB
2026-04-08 01:39:53,11917.68,49442,0,40.93608055555556,111.81735,POS,11917.68,ADSB
2026-04-08 01:39:58,11917.68,49442,0,40.92077777777777,111.82336388888889,POS,11917.68,ADSB
2026-04-08 01:40:03,11917.68,49442,0,40.909330555555556,111.82781944444446,POS,11917.68,ADSB
2026-04-08 01:40:08,11917.68,49442,0,40.89806944444444,111.83221388888889,POS,11917.68,ADSB
2026-04-08 01:40:13,11917.68,49442,0,40.88708333333334,111.83655,POS,11917.68,ADSB
2026-04-08 01:40:19,11917.68,49442,0,40.87358055555556,111.84179444444445,POS,11917.68,ADSB
2026-04-08 01:40:25,11917.68,49442,0,40.86020277777778,111.84699722222223,POS,11917.68,ADSB
2026-04-08 01:40:30,11917.68,49442,0,40.84907777777778,111.85136944444444,POS,11917.68,ADSB
2026-04-08 01:40:35,11917.68,49442,0,40.83781111111111,111.85573888888888,POS,11917.68,ADSB
2026-04-08 01:40:43,11917.68,49442,0,40.82070833333333,111.86248611111111,POS,11917.68,ADSB
2026-04-08 01:40:49,11917.68,49442,0,40.80629444444445,111.86809722222223,POS,11917.68,ADSB
2026-04-08 01:40:54,11917.68,49442,0,40.794891666666665,111.87259166666666,POS,11917.68,ADSB
2026-04-08 01:41:00,11917.68,49442,0,40.782225000000004,111.87752222222223,POS,11917.68,ADSB
2026-04-08 01:41:05,11917.68,49442,0,40.77137777777777,111.88176666666666,POS,11917.68,ADSB
2026-04-08 01:41:13,11917.68,49442,0,40.75355277777778,111.88848888888889,POS,11917.68,ADSB
2026-04-08 01:41:18,11917.68,49442,0,40.741911111111115,111.89269166666666,POS,11917.68,ADSB
2026-04-08 01:41:23,11917.68,49442,0,40.73139166666667,111.89643888888888,POS,11917.68,ADSB
2026-04-08 01:41:29,11917.68,49442,0,40.71802777777778,111.90099722222223,POS,11917.68,ADSB
2026-04-08 01:41:35,11917.68,49442,0,40.70398055555555,111.90563888888889,POS,11917.68,ADSB
2026-04-08 01:41:40,11917.68,49442,0,40.693308333333334,111.90905555555555,POS,11917.68,ADSB
2026-04-08 01:41:46,11917.68,49442,0,40.68017222222222,111.91302222222222,POS,11917.68,ADSB
2026-04-08 01:41:52,11917.68,49442,0,40.665800000000004,111.917225,POS,11917.68,ADSB
2026-04-08 01:41:57,11917.68,49442,0,40.654675,111.92034722222222,POS,11917.68,ADSB
2026-04-08 01:42:03,11917.68,49442,0,40.641313888888895,111.92413333333333,POS,11917.68,ADSB
2026-04-08 01:42:08,11917.68,49442,0,40.63027777777778,111.92727222222221,POS,11917.68,ADSB
2026-04-08 01:42:15,11917.68,49442,0,40.61457777777778,111.93181944444444,POS,11917.68,ADSB
2026-04-08 01:42:21,11917.68,49442,0,40.601,111.93564166666667,POS,11917.68,ADSB
2026-04-08 01:42:26,11917.68,49442,0,40.590849999999996,111.93825833333332,POS,11917.68,ADSB
2026-04-08 01:42:33,11917.68,49442,0,40.57418055555555,111.94206666666666,POS,11917.68,ADSB
2026-04-08 01:42:38,11917.68,49442,0,40.56315277777778,111.94443888888888,POS,11917.68,ADSB
2026-04-08 01:42:44,11917.68,49442,0,40.549463888888894,111.9473138888889,POS,11917.68,ADSB
2026-04-08 01:42:49,11917.68,49442,0,40.53895277777778,111.94945833333333,POS,11917.68,ADSB
2026-04-08 01:42:56,11917.68,49442,0,40.5227,111.95280555555554,POS,11917.68,ADSB
2026-04-08 01:43:01,11917.68,49442,0,40.51203611111111,111.95498888888889,POS,11917.68,ADSB
2026-04-08 01:43:07,11917.68,49442,0,40.498491666666666,111.9578,POS,11917.68,ADSB
2026-04-08 01:43:12,11917.68,49442,0,40.487272222222224,111.96014444444445,POS,11917.68,ADSB
2026-04-08 01:43:18,11917.68,49442,0,40.47546111111111,111.96258611111111,POS,11917.68,ADSB
2026-04-08 01:43:24,11917.68,49442,0,40.46241388888889,111.96526666666668,POS,11917.68,ADSB
2026-04-08 01:43:30,11917.68,49442,0,40.44896111111111,111.9680361111111,POS,11917.68,ADSB
2026-04-08 01:43:37,11917.68,49442,0,40.43311944444445,111.97137222222223,POS,11917.68,ADSB
2026-04-08 01:43:44,11917.68,49442,0,40.42219166666667,111.97371666666666,POS,11917.68,ADSB
2026-04-08 01:43:50,11917.68,49442,0,40.404222222222224,111.97758333333333,POS,11917.68,ADSB
2026-04-08 01:43:55,11917.68,49442,0,40.39343333333333,111.97991944444445,POS,11917.68,ADSB
2026-04-08 01:44:00,11917.68,49442,0,40.38201666666667,111.98245555555556,POS,11917.68,ADSB
2026-04-08 01:44:05,11917.68,49442,0,40.37063333333333,111.98498333333333,POS,11917.68,ADSB
2026-04-08 01:44:14,11917.68,49442,0,40.353199999999994,111.98913333333333,POS,11917.68,ADSB
2026-04-08 01:44:20,11917.68,49442,0,40.33709722222222,111.99318888888888,POS,11917.68,ADSB
2026-04-08 01:44:26,11917.68,49442,0,40.32385277777777,111.99652222222221,POS,11917.68,ADSB
2026-04-08 01:44:32,11917.68,49442,0,40.31066666666666,111.9998138888889,POS,11917.68,ADSB
2026-04-08 01:44:38,11917.68,49442,0,40.296524999999995,112.00341388888889,POS,11917.68,ADSB
2026-04-08 01:44:44,11917.68,49442,0,40.28378888888889,112.006675,POS,11917.68,ADSB
2026-04-08 01:44:50,11917.68,49442,0,40.26974444444444,112.01025277777777,POS,11917.68,ADSB
2026-04-08 01:44:55,11917.68,49442,0,40.258375,112.01316666666668,POS,11917.68,ADSB
2026-04-08 01:45:01,11917.68,49442,0,40.24598611111111,112.01629444444444,POS,11917.68,ADSB
2026-04-08 01:45:07,11917.68,49442,0,40.23267777777778,112.01965833333334,POS,11917.68,ADSB
2026-04-08 01:45:13,11917.68,49442,0,40.21866666666667,112.02321388888889,POS,11917.68,ADSB
2026-04-08 01:45:18,11917.68,49442,0,40.20688611111111,112.02621388888889,POS,11917.68,ADSB
2026-04-08 01:45:24,11917.68,49442,0,40.19425833333333,112.02935555555555,POS,11917.68,ADSB
2026-04-08 01:45:29,11917.68,49442,0,40.18313055555555,112.03216388888889,POS,11917.68,ADSB
2026-04-08 01:45:35,11917.68,49442,0,40.169555555555554,112.03557500000001,POS,11917.68,ADSB
2026-04-08 01:45:40,11917.68,49442,0,40.15819166666667,112.03838333333333,POS,11917.68,ADSB
2026-04-08 01:45:46,11917.68,49442,0,40.14455277777778,112.04181944444444,POS,11917.68,ADSB
2026-04-08 01:45:54,11917.68,49442,0,40.12623611111111,112.04644722222223,POS,11917.68,ADSB
2026-04-08 01:46:00,11917.68,49442,0,40.11286944444444,112.04980555555555,POS,11917.68,ADSB
2026-04-08 01:46:06,11917.68,49442,0,40.099822222222215,112.05304166666667,POS,11917.68,ADSB
2026-04-08 01:46:12,11917.68,49442,0,40.08663611111111,112.05627500000001,POS,11917.68,ADSB
2026-04-08 01:46:18,11917.68,49442,0,40.073138888888884,112.05960555555556,POS,11917.68,ADSB
2026-04-08 01:46:23,11917.68,49442,0,40.062152777777776,112.06235277777778,POS,11917.68,ADSB
2026-04-08 01:46:29,11917.68,49442,0,40.04859722222223,112.06573333333334,POS,11917.68,ADSB
2026-04-08 01:46:35,11917.68,49442,0,40.03511111111111,112.06903888888888,POS,11917.68,ADSB
2026-04-08 01:46:41,11917.68,49442,0,40.02108333333333,112.07256666666666,POS,11917.68,ADSB
2026-04-08 01:46:46,11917.68,49442,0,40.009877777777774,112.07527777777777,POS,11917.68,ADSB
2026-04-08 01:46:51,11917.68,49442,0,39.99851944444445,112.078125,POS,11917.68,ADSB
2026-04-08 01:46:57,11917.68,49442,0,39.98597222222222,112.08117777777778,POS,11917.68,ADSB
2026-04-08 01:47:03,11917.68,49442,0,39.97175277777778,112.08464166666667,POS,11917.68,ADSB
2026-04-08 01:47:08,11917.68,49442,0,39.961211111111105,112.08721666666666,POS,11917.68,ADSB
2026-04-08 01:47:14,11917.68,49442,0,39.947541666666666,112.09056944444444,POS,11917.68,ADSB
2026-04-08 01:47:19,11917.68,49442,0,39.93613888888889,112.09331666666667,POS,11917.68,ADSB
2026-04-08 01:47:24,11917.68,49442,0,39.925108333333334,112.09599999999999,POS,11917.68,ADSB
2026-04-08 01:47:30,11917.68,49442,0,39.912255555555554,112.09918055555555,POS,11917.68,ADSB
2026-04-08 01:47:35,11917.68,49442,0,39.901425,112.10180277777778,POS,11917.68,ADSB
2026-04-08 01:47:41,11917.68,49442,0,39.887075,112.10528333333333,POS,11917.68,ADSB
2026-04-08 01:47:46,11917.68,49442,0,39.87679722222222,112.107775,POS,11917.68,ADSB
2026-04-08 01:47:52,11917.68,49442,0,39.863433333333326,112.11099722222222,POS,11917.68,ADSB
2026-04-08 01:47:58,11917.68,49442,0,39.849272222222226,112.11444166666666,POS,11917.68,ADSB
2026-04-08 01:48:05,11917.68,49442,0,39.83833333333333,112.1170638888889,POS,11917.68,ADSB
2026-04-08 01:48:11,11917.68,49442,0,39.8232,112.120725,POS,11917.68,ADSB
2026-04-08 01:48:17,11917.68,49442,0,39.810380555555554,112.12383333333332,POS,11917.68,ADSB
2026-04-08 01:48:22,11917.68,49442,0,39.79884166666666,112.12664166666666,POS,11917.68,ADSB
2026-04-08 01:48:28,11917.68,49442,0,39.785355555555554,112.12994444444445,POS,11917.68,ADSB
2026-04-08 01:48:34,11917.68,49442,0,39.772111111111116,112.13315277777777,POS,11917.68,ADSB
2026-04-08 01:48:39,11917.68,49442,0,39.760438888888885,112.13595833333333,POS,11917.68,ADSB
2026-04-08 01:48:45,11917.68,49442,0,39.747836111111106,112.13903888888888,POS,11917.68,ADSB
2026-04-08 01:48:51,11917.68,49442,0,39.73406666666667,112.14234722222223,POS,11917.68,ADSB
2026-04-08 01:48:58,11917.68,49442,0,39.71946388888889,112.14593055555555,POS,11917.68,ADSB
2026-04-08 01:49:04,11917.68,49442,0,39.705913888888894,112.14921388888888,POS,11917.68,ADSB
2026-04-08 01:49:09,11917.68,49442,0,39.69457777777778,112.15191666666668,POS,11917.68,ADSB
2026-04-08 01:49:15,11917.68,49442,0,39.681425000000004,112.155125,POS,11917.68,ADSB
2026-04-08 01:49:21,11917.68,49442,0,39.66846944444444,112.15829166666666,POS,11917.68,ADSB
2026-04-08 01:49:27,11917.68,49442,0,39.65629166666667,112.16121388888888,POS,11917.68,ADSB
2026-04-08 01:49:32,11917.68,49442,0,39.644025,112.16419722222221,POS,11917.68,ADSB
2026-04-08 01:49:37,11917.68,49442,0,39.63281388888889,112.16688333333335,POS,11917.68,ADSB
2026-04-08 01:49:45,11917.68,49442,0,39.61581388888889,112.17095555555555,POS,11917.68,ADSB
2026-04-08 01:49:51,11917.68,49442,0,39.602138888888895,112.17422777777777,POS,11917.68,ADSB
2026-04-08 01:49:57,11917.68,49442,0,39.58968888888889,112.17721666666667,POS,11917.68,ADSB
2026-04-08 01:50:02,11917.68,49442,0,39.57913055555555,112.17980833333333,POS,11917.68,ADSB
2026-04-08 01:50:08,11917.68,49442,0,39.566025,112.18294444444444,POS,11917.68,ADSB
2026-04-08 01:50:15,11917.68,49442,0,39.549727777777775,112.18688888888889,POS,11917.68,ADSB
2026-04-08 01:50:21,11917.68,49442,0,39.53741111111111,112.18987777777778,POS,11917.68,ADSB
2026-04-08 01:50:26,11917.68,49442,0,39.525733333333335,112.19268888888888,POS,11917.68,ADSB
2026-04-08 01:50:32,11917.68,49442,0,39.51246666666667,112.19590555555556,POS,11917.68,ADSB
2026-04-08 01:50:38,11917.68,49442,0,39.50019722222222,112.19888888888889,POS,11917.68,ADSB
2026-04-08 01:50:43,11917.68,49442,0,39.48900277777778,112.20153888888888,POS,11917.68,ADSB
2026-04-08 01:50:49,11917.68,49442,0,39.47634444444444,112.20459166666667,POS,11917.68,ADSB
2026-04-08 01:50:55,11917.68,49442,0,39.462294444444446,112.20790555555556,POS,11917.68,ADSB
2026-04-08 01:51:00,11917.68,49442,0,39.45153888888889,112.209875,POS,11917.68,ADSB
2026-04-08 01:51:05,11917.68,49442,0,39.440219444444445,112.21087222222222,POS,11917.68,ADSB
2026-04-08 01:51:13,11917.68,49442,0,39.424025,112.21053333333333,POS,11917.68,ADSB
2026-04-08 01:51:19,11917.68,49442,0,39.410383333333336,112.20861944444445,POS,11917.68,ADSB
2026-04-08 01:51:25,11917.68,49442,0,39.39852777777778,112.20569444444445,POS,11917.68,ADSB
2026-04-08 01:51:30,11917.68,49442,0,39.38804444444444,112.20217222222223,POS,11917.68,ADSB
2026-04-08 01:51:36,11917.68,49442,0,39.37536944444444,112.19653333333333,POS,11917.68,ADSB
2026-04-08 01:51:42,11917.68,49442,0,39.3658,112.19112777777778,POS,11917.68,ADSB
2026-04-08 01:51:48,11917.68,49442,0,39.35366388888889,112.18288611111112,POS,11917.68,ADSB
2026-04-08 01:51:55,11917.68,49442,0,39.341341666666665,112.17327777777777,POS,11917.68,ADSB
2026-04-08 01:52:00,11917.68,49442,0,39.33251666666666,112.16604722222223,POS,11917.68,ADSB
2026-04-08 01:52:06,11917.68,49442,0,39.32178888888889,112.15710555555556,POS,11917.68,ADSB
2026-04-08 01:52:12,11917.68,49442,0,39.31126944444445,112.14813055555555,POS,11917.68,ADSB
2026-04-08 01:52:19,11917.68,49442,0,39.299419444444446,112.1379861111111,POS,11917.68,ADSB
2026-04-08 01:52:24,11917.68,49442,0,39.290502777777775,112.13024444444444,POS,11917.68,ADSB
2026-04-08 01:52:29,11917.68,49442,0,39.28253333333333,112.12335833333334,POS,11917.68,ADSB
2026-04-08 01:52:35,11917.68,49442,0,39.27160555555555,112.1138888888889,POS,11917.68,ADSB
2026-04-08 01:52:40,11917.68,49442,0,39.26325833333333,112.10664166666666,POS,11917.68,ADSB
2026-04-08 01:52:45,11917.68,49442,0,39.25803888888889,112.10233888888888,POS,11917.68,ADSB
2026-04-08 01:52:51,11917.68,49442,0,39.24293055555555,112.09153611111113,POS,11917.68,ADSB
2026-04-08 01:52:58,11917.68,49442,0,39.22966111111111,112.08442777777778,POS,11917.68,ADSB
2026-04-08 01:53:03,11917.68,49442,0,39.218583333333335,112.08013055555554,POS,11917.68,ADSB
2026-04-08 01:53:10,11917.68,49442,0,39.206405555555556,112.07672500000001,POS,11917.68,ADSB
2026-04-08 01:53:16,11917.68,49442,0,39.19241944444444,112.07433888888889,POS,11917.68,ADSB
2026-04-08 01:53:21,11917.68,49442,0,39.18237222222223,112.073325,POS,11917.68,ADSB
2026-04-08 01:53:27,11917.68,49442,0,39.16775,112.0729388888889,POS,11917.68,ADSB
2026-04-08 01:53:33,11917.68,49442,0,39.15494444444444,112.07336111111111,POS,11917.68,ADSB
2026-04-08 01:53:38,11917.68,49442,0,39.14387222222222,112.07416111111111,POS,11917.68,ADSB
2026-04-08 01:53:44,11917.68,49442,0,39.12999444444445,112.07568333333334,POS,11917.68,ADSB
2026-04-08 01:53:50,11917.68,49442,0,39.11565555555555,112.07775833333334,POS,11917.68,ADSB
2026-04-08 01:53:56,11917.68,49442,0,39.10226111111111,112.08001388888889,POS,11917.68,ADSB
2026-04-08 01:54:01,11917.68,49442,0,39.09164444444445,112.08204166666665,POS,11917.68,ADSB
2026-04-08 01:54:07,11917.68,49442,0,39.0779,112.0848361111111,POS,11917.68,ADSB
2026-04-08 01:54:12,11917.68,49442,0,39.066602777777774,112.08723333333333,POS,11917.68,ADSB
2026-04-08 01:54:17,11917.68,49442,0,39.05529444444444,112.08980277777778,POS,11917.68,ADSB
2026-04-08 01:54:22,11917.68,49442,0,39.04376111111112,112.09243055555555,POS,11917.68,ADSB
2026-04-08 01:54:28,11917.68,49442,0,39.03088055555556,112.09545833333334,POS,11917.68,ADSB
2026-04-08 01:54:34,11917.68,49442,0,39.01624722222222,112.09899722222222,POS,11917.68,ADSB
2026-04-08 01:54:39,11917.68,49442,0,39.005722222222225,112.10156666666667,POS,11917.68,ADSB
2026-04-08 01:54:44,11917.68,49442,0,38.995330555555554,112.10413055555556,POS,11917.68,ADSB
2026-04-08 01:54:51,11917.68,49442,0,38.97809444444445,112.10839444444444,POS,11917.68,ADSB
2026-04-08 01:54:56,11917.68,49442,0,38.96775833333333,112.11096111111112,POS,11917.68,ADSB
2026-04-08 01:55:02,11917.68,49442,0,38.953944444444446,112.11440555555555,POS,11917.68,ADSB
2026-04-08 01:55:08,11917.68,49442,0,38.940758333333335,112.11767777777779,POS,11917.68,ADSB
2026-04-08 01:55:14,11917.68,49442,0,38.92646944444445,112.12127500000001,POS,11917.68,ADSB
2026-04-08 01:55:19,11917.68,49442,0,38.91529444444444,112.12402222222222,POS,11917.68,ADSB
2026-04-08 01:55:24,11917.68,49442,0,38.90405,112.12688055555556,POS,11917.68,ADSB
2026-04-08 01:55:29,11917.68,49442,0,38.8936,112.12945555555555,POS,11917.68,ADSB
2026-04-08 01:55:34,11917.68,49442,0,38.88224444444444,112.13232222222221,POS,11917.68,ADSB
2026-04-08 01:55:41,11917.68,49442,0,38.866880555555554,112.13616666666667,POS,11917.68,ADSB
2026-04-08 01:55:46,11917.68,49442,0,38.85747777777778,112.1384861111111,POS,11917.68,ADSB
2026-04-08 01:55:53,11917.68,49442,0,38.83936666666667,112.14306666666666,POS,11917.68,ADSB
2026-04-08 01:55:58,11917.68,49442,0,38.828519444444446,112.14574722222223,POS,11917.68,ADSB
2026-04-08 01:56:04,11917.68,49442,0,38.815838888888884,112.1489138888889,POS,11917.68,ADSB
2026-04-08 01:56:09,11917.68,49442,0,38.80316388888889,112.15207777777778,POS,11917.68,ADSB
2026-04-08 01:56:16,11917.68,49442,0,38.78805555555556,112.15578055555555,POS,11917.68,ADSB
2026-04-08 01:56:21,11917.68,49442,0,38.77666388888888,112.15856944444444,POS,11917.68,ADSB
2026-04-08 01:56:27,11917.68,49442,0,38.76297777777778,112.16198611111112,POS,11917.68,ADSB
2026-04-08 01:56:33,11917.68,49442,0,38.75015277777777,112.16509166666667,POS,11917.68,ADSB
2026-04-08 01:56:39,11917.68,49442,0,38.736466666666665,112.16843888888889,POS,11917.68,ADSB
2026-04-08 01:56:44,11917.68,49442,0,38.72465555555556,112.17130555555556,POS,11917.68,ADSB
2026-04-08 01:56:49,11917.68,49442,0,38.71462777777778,112.17380833333334,POS,11917.68,ADSB
2026-04-08 01:56:56,11917.68,49442,0,38.698224999999994,112.17779444444444,POS,11917.68,ADSB
2026-04-08 01:57:01,11917.68,49442,0,38.686841666666666,112.18055833333334,POS,11917.68,ADSB
2026-04-08 01:57:06,11917.68,49442,0,38.67608333333333,112.1831861111111,POS,11917.68,ADSB
2026-04-08 01:57:12,11917.68,49442,0,38.66200277777777,112.18658333333333,POS,11917.68,ADSB
2026-04-08 01:57:18,11917.68,49442,0,38.64880277777778,112.18975277777777,POS,11917.68,ADSB
2026-04-08 01:57:23,11917.68,49442,0,38.637541666666664,112.1925,POS,11917.68,ADSB
2026-04-08 01:57:29,11917.68,49442,0,38.62420555555556,112.19573888888888,POS,11917.68,ADSB
2026-04-08 01:57:35,11917.68,49442,0,38.611266666666666,112.19888888888889,POS,11917.68,ADSB
2026-04-08 01:57:40,11917.68,49442,0,38.59925,112.20178055555554,POS,11917.68,ADSB
2026-04-08 01:57:46,11917.68,49442,0,38.58491666666667,112.20526111111111,POS,11917.68,ADSB
2026-04-08 01:57:51,11917.68,49442,0,38.57425277777778,112.207825,POS,11917.68,ADSB
2026-04-08 01:57:58,11917.68,49442,0,38.5581,112.21173055555555,POS,11917.68,ADSB
2026-04-08 01:58:03,11917.68,49442,0,38.54960277777778,112.21381666666666,POS,11917.68,ADSB
2026-04-08 01:58:08,11917.68,49442,0,38.5383,112.21656388888889,POS,11917.68,ADSB
2026-04-08 01:58:13,11917.68,49442,0,38.52621388888889,112.21954722222222,POS,11917.68,ADSB
2026-04-08 01:58:20,11917.68,49442,0,38.510711111111114,112.22332777777777,POS,11917.68,ADSB
2026-04-08 01:58:26,11917.68,49442,0,38.49746666666667,112.22653611111112,POS,11917.68,ADSB
2026-04-08 01:58:31,11917.68,49442,0,38.48599166666667,112.22936944444444,POS,11917.68,ADSB
2026-04-08 01:58:37,11917.68,49442,0,38.47235,112.2326638888889,POS,11917.68,ADSB
2026-04-08 01:58:42,11917.68,49442,0,38.461438888888885,112.2353138888889,POS,11917.68,ADSB
2026-04-08 01:58:49,11917.68,49442,0,38.44582777777778,112.23907222222222,POS,11917.68,ADSB
2026-04-08 01:58:54,11917.68,49442,0,38.43328611111111,112.24211944444444,POS,11917.68,ADSB
2026-04-08 01:59:01,11917.68,49442,0,38.417675,112.24593888888889,POS,11917.68,ADSB
2026-04-08 01:59:07,11917.68,49442,0,38.404222222222224,112.24918611111111,POS,11917.68,ADSB
2026-04-08 01:59:13,11917.68,49442,0,38.38998333333333,112.25256944444445,POS,11917.68,ADSB
2026-04-08 01:59:18,11917.68,49442,0,38.379222222222225,112.25514444444445,POS,11917.68,ADSB
2026-04-08 01:59:25,11917.68,49442,0,38.36267222222222,112.25907777777778,POS,11917.68,ADSB
2026-04-08 01:59:31,11917.68,49442,0,38.34977777777778,112.26211944444445,POS,11917.68,ADSB
2026-04-08 01:59:36,11917.68,49442,0,38.33856111111111,112.26480555555555,POS,11917.68,ADSB
2026-04-08 01:59:42,11917.68,49442,0,38.3242,112.26823333333334,POS,11917.68,ADSB
2026-04-08 01:59:49,11917.68,49442,0,38.308816666666665,112.27191388888889,POS,11917.68,ADSB
2026-04-08 01:59:56,11917.68,49442,0,38.29289444444445,112.27571388888889,POS,11917.68,ADSB
2026-04-08 02:00:02,11917.68,49442,0,38.27943333333333,112.278925,POS,11917.68,ADSB
2026-04-08 02:00:08,11917.68,49442,0,38.265927777777776,112.28214444444444,POS,11917.68,ADSB
2026-04-08 02:00:15,11917.68,49442,0,38.24990833333334,112.28594166666667,POS,11917.68,ADSB
2026-04-08 02:00:20,11917.68,49442,0,38.23883055555556,112.28856944444443,POS,11917.68,ADSB
2026-04-08 02:00:26,11917.68,49442,0,38.22506666666666,112.29185277777778,POS,11917.68,ADSB
2026-04-08 02:00:32,11917.68,49442,0,38.21161111111111,112.29501944444445,POS,11917.68,ADSB
2026-04-08 02:00:38,11917.68,49442,0,38.19815833333333,112.29824166666666,POS,11917.68,ADSB
2026-04-08 02:00:44,11917.68,49442,0,38.18470277777777,112.30140833333334,POS,11917.68,ADSB
2026-04-08 02:00:50,11917.68,49442,0,38.17066944444444,112.30481388888889,POS,11917.68,ADSB
2026-04-08 02:00:57,11917.68,49442,0,38.15709722222222,112.30803888888889,POS,11917.68,ADSB
2026-04-08 02:01:03,11917.68,49442,0,38.14169166666667,112.31177222222222,POS,11917.68,ADSB
2026-04-08 02:01:09,11917.68,49442,0,38.12805,112.31498611111111,POS,11917.68,ADSB
2026-04-08 02:01:17,11917.68,49442,0,38.1098,112.31931944444445,POS,11917.68,ADSB
2026-04-08 02:01:23,11917.68,49442,0,38.096463888888884,112.32252222222223,POS,11917.68,ADSB
2026-04-08 02:01:29,11917.68,49442,0,38.08294166666666,112.32570833333332,POS,11917.68,ADSB
2026-04-08 02:01:35,11917.68,49442,0,38.06948611111111,112.32893333333332,POS,11917.68,ADSB
2026-04-08 02:01:42,11917.68,49442,0,38.053711111111106,112.33263333333333,POS,11917.68,ADSB
2026-04-08 02:01:49,11917.68,49442,0,38.03746111111111,112.33651666666667,POS,11917.68,ADSB
2026-04-08 02:01:54,11917.68,49442,0,38.02591666666666,112.33926388888888,POS,11917.68,ADSB
2026-04-08 02:02:00,11917.68,49442,0,38.012147222222225,112.34250833333334,POS,11917.68,ADSB
2026-04-08 02:02:06,11917.68,49442,0,37.998961111111115,112.34565277777777,POS,11917.68,ADSB
2026-04-08 02:02:13,11917.68,49442,0,37.983716666666666,112.34922777777777,POS,11917.68,ADSB
2026-04-08 02:02:18,11917.68,49442,0,37.971775,112.35210277777777,POS,11917.68,ADSB
2026-04-08 02:02:23,11917.68,49442,0,37.96087222222223,112.35466666666666,POS,11917.68,ADSB
2026-04-08 02:02:30,11917.68,49442,0,37.94567777777778,112.35828611111111,POS,11917.68,ADSB
2026-04-08 02:02:37,11917.68,49442,0,37.929363888888886,112.36213333333333,POS,11917.68,ADSB
2026-04-08 02:02:43,11917.68,49442,0,37.915816666666665,112.36535555555557,POS,11917.68,ADSB
2026-04-08 02:02:50,11917.68,49442,0,37.90053888888889,112.368925,POS,11917.68,ADSB
2026-04-08 02:03:01,11917.68,49442,0,37.875505555555556,112.374825,POS,11917.68,ADSB
2026-04-08 02:03:07,11917.68,49442,0,37.86323611111111,112.37775,POS,11917.68,ADSB
2026-04-08 02:03:12,11917.68,49442,0,37.850925,112.38058055555557,POS,11917.68,ADSB
2026-04-08 02:03:18,11917.68,49442,0,37.83938055555555,112.38332777777778,POS,11917.68,ADSB
2026-04-08 02:03:24,11917.68,49442,0,37.82545833333333,112.38661111111111,POS,11917.68,ADSB
2026-04-08 02:03:30,11917.68,49442,0,37.81191944444445,112.38984444444445,POS,11917.68,ADSB
2026-04-08 02:03:35,11917.68,49442,0,37.80070277777778,112.39253333333333,POS,11917.68,ADSB
2026-04-08 02:03:41,11917.68,49442,0,37.787794444444444,112.39562777777778,POS,11917.68,ADSB
2026-04-08 02:03:47,11917.68,49442,0,37.77461111111111,112.39884166666667,POS,11917.68,ADSB
2026-04-08 02:03:53,11917.68,49442,0,37.760099999999994,112.40240833333333,POS,11917.68,ADSB
2026-04-08 02:03:58,11917.68,49442,0,37.749069444444444,112.4052138888889,POS,11917.68,ADSB
2026-04-08 02:04:03,11917.68,49442,0,37.73798888888889,112.408075,POS,11917.68,ADSB
2026-04-08 02:04:08,11917.68,49442,0,37.726819444444445,112.41109444444444,POS,11917.68,ADSB
2026-04-08 02:04:14,11917.68,49442,0,37.713408333333334,112.41479444444445,POS,11917.68,ADSB
2026-04-08 02:04:20,11917.68,49442,0,37.7007,112.41849722222223,POS,11917.68,ADSB
2026-04-08 02:04:25,11917.68,49442,0,37.689011111111114,112.42204166666666,POS,11917.68,ADSB
2026-04-08 02:04:30,11917.68,49442,0,37.67900555555556,112.4251861111111,POS,11917.68,ADSB
2026-04-08 02:04:36,11917.68,49442,0,37.663555555555554,112.430225,POS,11917.68,ADSB
2026-04-08 02:04:42,11917.68,49442,0,37.652252777777775,112.43402222222221,POS,11917.68,ADSB
2026-04-08 02:04:48,11917.68,49442,0,37.637061111111116,112.43927500000001,POS,11917.68,ADSB
2026-04-08 02:04:53,11917.68,49442,0,37.62593611111111,112.44303888888889,POS,11917.68,ADSB
2026-04-08 02:04:59,11917.68,49442,0,37.612997222222226,112.44745555555556,POS,11917.68,ADSB
2026-04-08 02:05:05,11917.68,49442,0,37.59965555555556,112.45190555555556,POS,11917.68,ADSB
2026-04-08 02:05:11,11917.68,49442,0,37.58580833333333,112.45658888888889,POS,11917.68,ADSB
2026-04-08 02:05:17,11917.68,49442,0,37.573102777777784,112.46089166666667,POS,11917.68,ADSB
2026-04-08 02:05:22,11917.68,49442,0,37.56147777777778,112.46487777777777,POS,11917.68,ADSB
2026-04-08 02:05:28,11917.68,49442,0,37.54852222222222,112.46931944444444,POS,11917.68,ADSB
2026-04-08 02:05:35,11917.68,49442,0,37.53378055555555,112.47428611111111,POS,11917.68,ADSB
2026-04-08 02:05:40,11917.68,49442,0,37.52206388888889,112.47826111111111,POS,11917.68,ADSB
2026-04-08 02:05:46,11917.68,49442,0,37.50853611111111,112.48286388888889,POS,11917.68,ADSB
2026-04-08 02:05:51,11917.68,49442,0,37.49801111111111,112.48638333333332,POS,11917.68,ADSB
2026-04-08 02:05:56,11917.68,49442,0,37.48684166666667,112.49014444444445,POS,11917.68,ADSB
2026-04-08 02:06:01,11917.68,49442,0,37.475322222222225,112.49409722222222,POS,11917.68,ADSB
2026-04-08 02:06:07,11917.68,49442,0,37.46173055555556,112.49865277777778,POS,11917.68,ADSB
2026-04-08 02:06:13,11917.68,49442,0,37.449644444444445,112.50274444444445,POS,11917.68,ADSB
2026-04-08 02:06:19,11917.68,49442,0,37.4355,112.50753611111111,POS,11917.68,ADSB
2026-04-08 02:06:24,11917.68,49442,0,37.42473888888889,112.51116111111111,POS,11917.68,ADSB
2026-04-08 02:06:31,11917.68,49442,0,37.41058611111111,112.51594166666668,POS,11917.68,ADSB
2026-04-08 02:06:37,11917.68,49442,0,37.39700277777778,112.52051388888889,POS,11917.68,ADSB
2026-04-08 02:06:43,11917.68,49442,0,37.383538888888886,112.52507777777778,POS,11917.68,ADSB
2026-04-08 02:06:49,11917.68,49442,0,37.37091111111111,112.52927777777778,POS,11917.68,ADSB
2026-04-08 02:06:54,11917.68,49442,0,37.35984444444445,112.53301666666667,POS,11917.68,ADSB
2026-04-08 02:07:00,11917.68,49442,0,37.346325,112.53751666666666,POS,11917.68,ADSB
2026-04-08 02:07:06,11917.68,49442,0,37.33349444444444,112.54173333333333,POS,11917.68,ADSB
2026-04-08 02:07:13,11917.68,49442,0,37.31831388888889,112.54680833333333,POS,11917.68,ADSB
2026-04-08 02:07:47,11917.68,49442,0,37.246488888888884,112.57076666666667,POS,-1.0,ADSB
2026-04-08 02:07:52,11917.68,49442,0,37.23605,112.574275,POS,11917.68,ADSB
2026-04-08 02:08:03,11917.68,49442,0,37.21289166666667,112.58204722222222,POS,11917.68,ADSB
2026-04-08 02:08:08,11917.68,49442,0,37.20026388888889,112.58621666666667,POS,11917.68,ADSB
2026-04-08 02:08:14,11917.68,49442,0,37.18960555555555,112.58980000000001,POS,11917.68,ADSB
2026-04-08 02:08:20,11917.68,49442,0,37.17645,112.59420277777778,POS,11917.68,ADSB
2026-04-08 02:08:25,11917.68,49442,0,37.164363888888886,112.59817222222222,POS,11917.68,ADSB
2026-04-08 02:08:31,11917.68,49442,0,37.1537,112.60174166666667,POS,11917.68,ADSB
2026-04-08 02:08:47,11917.68,49442,0,37.11873055555555,112.6133111111111,POS,11917.68,ADSB
2026-04-08 02:09:00,11917.68,49442,0,37.09072777777778,112.62258055555554,POS,11917.68,ADSB
2026-04-08 02:09:06,11917.68,49442,0,37.079788888888885,112.62622222222222,POS,-1.0,ADSB
2026-04-08 02:11:09,11330.94,49442,0,36.816922222222225,112.71360555555555,POS,10698.480000000001,ADSB
2026-04-08 02:11:15,11269.980000000001,49442,0,36.803688888888885,112.71803055555554,POS,10698.480000000001,ADSB
2026-04-08 02:11:20,11216.640000000001,49442,0,36.79321111111111,112.72159722222223,POS,10698.480000000001,ADSB
2026-04-08 02:11:33,11102.34,49442,0,36.76569722222222,112.73083055555556,POS,10698.480000000001,ADSB
2026-04-08 02:11:39,11049.0,49442,0,36.75219444444444,112.73540555555556,POS,10698.480000000001,ADSB
2026-04-08 02:11:49,10972.800000000001,49442,0,36.731322222222225,112.742325,POS,10698.480000000001,ADSB
2026-04-08 02:11:57,10911.84,49442,0,36.71584166666667,112.74748055555555,POS,10698.480000000001,ADSB
2026-04-08 02:12:03,10858.5,49442,0,36.70234444444444,112.75198055555556,POS,10698.480000000001,ADSB
2026-04-08 02:50:08,6004.56,49442,0,32.259141666666665,114.69368055555556,POS,-1.0,ADSB
2026-04-08 02:50:14,6004.56,49442,0,32.2494,114.6981,POS,5981.700000000001,ADSB
2026-04-08 02:50:20,6004.56,49442,0,32.237297222222224,114.70359444444445,POS,4518.66,ADSB
2026-04-08 02:50:25,6004.56,49442,0,32.22916388888889,114.70736944444445,POS,4518.66,ADSB
2026-04-08 02:50:31,5981.700000000001,49442,0,32.217619444444445,114.71265,POS,4518.66,ADSB
2026-04-08 02:50:37,5958.84,49442,0,32.20772777777778,114.71713333333334,POS,4518.66,ADSB
2026-04-08 02:50:43,5920.740000000001,49442,0,32.19556111111111,114.72262777777779,POS,4518.66,ADSB
2026-04-08 02:50:48,5897.88,49442,0,32.187622222222224,114.72616666666667,POS,4518.66,ADSB
2026-04-08 02:50:55,5852.16,49442,0,32.174641666666666,114.73200555555555,POS,4518.66,ADSB
2026-04-08 02:51:01,5806.4400000000005,49442,0,32.16309722222222,114.73719722222222,POS,4518.66,ADSB
2026-04-08 02:51:07,5760.72,49442,0,32.151830555555556,114.7420888888889,POS,4518.66,ADSB
2026-04-08 02:51:13,5722.62,49442,0,32.141638888888885,114.7466388888889,POS,4518.66,ADSB
2026-04-08 02:51:19,5676.900000000001,49442,0,32.130288888888884,114.75163888888889,POS,4518.66,ADSB
2026-04-08 02:51:24,5638.8,49442,0,32.121125,114.75558611111111,POS,4518.66,ADSB
2026-04-08 02:51:30,5585.46,49442,0,32.109775,114.76043611111112,POS,4518.66,ADSB
2026-04-08 02:51:36,5547.360000000001,49442,0,32.09968888888889,114.76461944444445,POS,4518.66,ADSB
2026-04-08 02:51:43,5494.02,49442,0,32.08694444444444,114.76998333333333,POS,4518.66,ADSB
2026-04-08 02:51:52,5425.4400000000005,49442,0,32.07115,114.7763361111111,POS,4518.66,ADSB
2026-04-08 02:51:57,5387.34,49442,0,32.06155833333333,114.7802638888889,POS,4518.66,ADSB
2026-04-08 02:52:03,5341.62,49442,0,32.051452777777776,114.784425,POS,4518.66,ADSB
2026-04-08 02:52:22,5196.84,49442,0,32.016755555555555,114.79804999999999,POS,4518.66,ADSB
2026-04-08 02:52:28,5151.12,49442,0,32.00606944444445,114.80206388888888,POS,4518.66,ADSB
2026-04-08 02:52:34,5097.780000000001,49442,0,31.994438888888887,114.80644166666667,POS,4518.66,ADSB
2026-04-08 02:52:40,5059.68,49442,0,31.983644444444444,114.81047500000001,POS,4518.66,ADSB
2026-04-08 02:52:45,5013.96,49442,0,31.974419444444447,114.81390833333333,POS,4518.66,ADSB
2026-04-08 02:52:51,4975.860000000001,49442,0,31.96547222222222,114.81714722222222,POS,4518.66,ADSB
2026-04-08 02:52:57,4930.14,49442,0,31.95339166666667,114.82156944444445,POS,4518.66,ADSB
2026-04-08 02:53:02,4892.04,49442,0,31.945386111111112,114.82444444444444,POS,4518.66,ADSB
2026-04-08 02:53:08,4846.320000000001,49442,0,31.93523888888889,114.82821944444446,POS,4518.66,ADSB
2026-04-08 02:53:13,4808.22,49442,0,31.92661111111111,114.83139722222224,POS,4518.66,ADSB
2026-04-08 02:53:19,4762.5,49442,0,31.916225,114.83543055555555,POS,4518.66,ADSB
2026-04-08 02:53:25,4716.780000000001,49442,0,31.905883333333332,114.8396361111111,POS,4518.66,ADSB
2026-04-08 02:53:30,4686.3,49442,0,31.89715,114.84315555555555,POS,4518.66,ADSB
2026-04-08 02:53:37,4648.2,49442,0,31.885369444444446,114.84791944444444,POS,4518.66,ADSB
2026-04-08 02:53:43,4610.1,49442,0,31.87595,114.85184444444445,POS,4518.66,ADSB
2026-04-08 02:53:49,4572.0,49442,0,31.86541388888889,114.85611666666667,POS,4518.66,ADSB
2026-04-08 02:53:55,4541.52,49442,0,31.856122222222222,114.85984722222223,POS,4518.66,ADSB
2026-04-08 02:54:19,4511.04,49442,0,31.819258333333334,114.87471944444444,POS,4518.66,ADSB
2026-04-08 02:54:25,4511.04,49442,0,31.810183333333335,114.87840833333334,POS,4518.66,ADSB
2026-04-08 02:54:31,4511.04,49442,0,31.80142777777778,114.88199444444444,POS,4518.66,ADSB
2026-04-08 02:54:36,4511.04,49442,0,31.794538888888887,114.88486944444445,POS,2712.7200000000003,ADSB
2026-04-08 02:54:46,4503.42,49442,0,31.780055555555556,114.89100555555555,POS,2712.7200000000003,ADSB
2026-04-08 02:54:51,4488.18,49442,0,31.77295277777778,114.89394444444444,POS,2712.7200000000003,ADSB
2026-04-08 02:54:57,4457.7,49442,0,31.764650000000003,114.89755,POS,2712.7200000000003,ADSB
2026-04-08 02:55:04,4434.84,49442,0,31.75602222222222,114.90124166666666,POS,2712.7200000000003,ADSB
2026-04-08 02:55:10,4396.74,49442,0,31.74705277777778,114.905125,POS,2712.7200000000003,ADSB
2026-04-08 02:55:16,4366.26,49442,0,31.738427777777776,114.90877222222223,POS,2712.7200000000003,ADSB
2026-04-08 02:55:21,4343.400000000001,49442,0,31.732077777777775,114.91147777777778,POS,2712.7200000000003,ADSB
2026-04-08 02:55:26,4320.54,49442,0,31.725661111111112,114.91424444444445,POS,2712.7200000000003,ADSB
2026-04-08 02:55:33,4282.4400000000005,49442,0,31.71521111111111,114.91868611111111,POS,2712.7200000000003,ADSB
2026-04-08 02:55:38,4259.58,49442,0,31.708794444444447,114.92149722222223,POS,2712.7200000000003,ADSB
2026-04-08 02:55:44,4229.1,49442,0,31.70059722222222,114.92501666666666,POS,2712.7200000000003,ADSB
2026-04-08 02:55:49,4206.24,49442,0,31.693558333333332,114.92801944444444,POS,2712.7200000000003,ADSB
2026-04-08 02:55:54,4183.38,49442,0,31.68622222222222,114.93121666666667,POS,2712.7200000000003,ADSB
2026-04-08 02:56:00,4152.900000000001,49442,0,31.67886111111111,114.93435,POS,2712.7200000000003,ADSB
2026-04-08 02:56:06,4122.42,49442,0,31.670555555555556,114.9379111111111,POS,2712.7200000000003,ADSB
2026-04-08 02:56:11,4091.94,49442,0,31.663219444444444,114.94104444444444,POS,2712.7200000000003,ADSB
2026-04-08 02:56:17,4069.0800000000004,49442,0,31.655494444444443,114.94428333333333,POS,2712.7200000000003,ADSB
2026-04-08 02:56:24,4030.98,49442,0,31.645966666666666,114.94840555555555,POS,2712.7200000000003,ADSB
2026-04-08 02:56:30,4000.5,49442,0,31.637983333333334,114.95181666666666,POS,2712.7200000000003,ADSB
2026-04-08 02:56:43,3939.5400000000004,49442,0,31.62075277777778,114.95917777777777,POS,2712.7200000000003,ADSB
2026-04-08 02:56:48,3909.0600000000004,49442,0,31.614144444444445,114.961925,POS,2712.7200000000003,ADSB
2026-04-08 02:56:54,3878.5800000000004,49442,0,31.60622777777778,114.96499166666666,POS,2712.7200000000003,ADSB
2026-04-08 02:57:00,3848.1000000000004,49442,0,31.597430555555555,114.96780277777779,POS,2712.7200000000003,ADSB
2026-04-08 02:57:06,3817.6200000000003,49442,0,31.58966111111111,114.96988333333334,POS,2712.7200000000003,ADSB
2026-04-08 02:57:12,3787.1400000000003,49442,0,31.58125,114.9718361111111,POS,2712.7200000000003,ADSB
2026-04-08 02:57:17,3764.28,49442,0,31.574555555555555,114.97301666666667,POS,2712.7200000000003,ADSB
2026-04-08 02:57:24,3726.1800000000003,49442,0,31.56481388888889,114.97434722222224,POS,2712.7200000000003,ADSB
2026-04-08 02:57:30,3695.7000000000003,49442,0,31.556744444444444,114.97529166666666,POS,2712.7200000000003,ADSB
2026-04-08 02:57:36,3665.2200000000003,49442,0,31.548291666666668,114.97619166666667,POS,2712.7200000000003,ADSB
2026-04-08 02:57:41,3642.36,49442,0,31.540780555555553,114.97696388888889,POS,2712.7200000000003,ADSB
2026-04-08 02:57:48,3611.88,49442,0,31.532263888888888,114.97784444444444,POS,2712.7200000000003,ADSB
2026-04-08 02:58:14,3474.7200000000003,49442,0,31.495483333333336,114.98157777777777,POS,2712.7200000000003,ADSB
2026-04-08 02:58:21,3444.2400000000002,49442,0,31.487008333333332,114.98252222222223,POS,2712.7200000000003,ADSB
2026-04-08 02:58:27,3406.1400000000003,49442,0,31.477694444444445,114.98353055555556,POS,2712.7200000000003,ADSB
2026-04-08 02:58:38,3352.8,49442,0,31.46291111111111,114.98503333333333,POS,2712.7200000000003,ADSB
2026-04-08 02:59:03,3223.26,49442,0,31.428794444444446,114.98868055555556,POS,2712.7200000000003,ADSB
2026-04-08 02:59:09,3200.4,49442,0,31.421605555555555,114.98949722222223,POS,2712.7200000000003,ADSB
2026-04-08 02:59:16,3162.3,49442,0,31.411691666666666,114.99063333333334,POS,2712.7200000000003,ADSB
2026-04-08 02:59:22,3131.82,49442,0,31.403280555555554,114.99157777777778,POS,2712.7200000000003,ADSB
2026-04-08 02:59:30,3086.1000000000004,49442,0,31.3921,114.99290833333333,POS,2712.7200000000003,ADSB
2026-04-08 03:02:36,2735.58,49442,0,31.14555277777778,115.02052222222223,POS,-1.0,ADSB
2026-04-08 03:02:38,2735.58,49442,0,31.143083333333333,115.02080277777779,POS,2712.7200000000003,ADSB
2026-04-08 03:02:41,2735.58,49442,0,31.140058333333336,115.02114722222223,POS,2316.48,ADSB
2026-04-08 03:02:44,2735.58,49442,0,31.13555277777778,115.0216611111111,POS,1790.7,ADSB
2026-04-08 03:02:47,2735.58,49442,0,31.13136944444444,115.02213333333333,POS,1790.7,ADSB
2026-04-08 03:02:51,2735.58,49442,0,31.12585277777778,115.02273333333333,POS,1790.7,ADSB
2026-04-08 03:02:55,2727.96,49442,0,31.121583333333334,115.02316388888889,POS,1790.7,ADSB
2026-04-08 03:16:21,0,0,0,30.342777777777776,115.02972222222222,ONN,,ACARS
2026-04-08 03:16:29,0,17900,0,30.348999999999997,115.03099999999999,POS,,ACARS
2026-04-08 03:30:36,0,0,0,30.342777777777776,115.02972222222222,INN,,ACARS
